{"cameraMode":{"drawMode":0,"name":"Shaded","section":"Shading Mode"},"sceneLighting":true,"audioPlay":false,"sceneViewState":{"m_AlwaysRefresh":false,"showFog":true,"showSkybox":true,"showFlares":true,"showImageEffects":true,"showParticleSystems":true,"showVisualEffectGraphs":true,"m_FxEnabled":true},"in2DMode":false,"pivot":{"x":42.82848358154297,"y":2.179377794265747,"z":101.49526977539063},"rotation":{"x":-0.00294970883987844,"y":-0.9945107102394104,"z":0.10059718787670136,"w":-0.029240773990750314},"size":6.905108451843262,"orthographic":false}